2017-02-24 12:43:20,28.568896616747036,108.5059006668449
2017-02-24 12:43:23,28.568888116244317,108.50591285602754
2017-02-24 12:43:26,28.56891794753527,108.50589689063064
2017-02-24 12:43:29,28.56892220383303,108.50588215959358
2017-02-24 12:43:32,28.568924524675168,108.50588221953696
2017-02-24 12:43:36,28.5689725562806,108.50586217872608
2017-02-24 12:43:39,28.568970568192437,108.50584135744595
2017-02-24 12:43:42,28.568944793862503,108.50581912936762
2017-02-24 12:43:45,28.56894516645809,108.50580837494877
2017-02-24 12:43:48,28.568952916073282,108.50580300318282
2017-02-24 12:43:51,28.568955395801265,108.50579682376595
2017-02-24 12:43:54,28.568962336484887,108.50579761158444
2017-02-24 12:43:57,28.568962117680936,108.50579718298822
2017-02-24 12:44:00,28.56896223529813,108.50579799032596
2017-02-24 12:44:03,28.568962226466464,108.5057976016107
2017-02-24 12:44:06,28.568962267837264,108.50579715309621
2017-02-24 12:44:09,28.568962499412102,108.50579666472512
2017-02-24 12:44:12,28.56899936100619,108.50571862501707
2017-02-24 12:44:15,28.56903414525429,108.50566593138393
2017-02-24 12:44:18,28.56906214162643,108.50562149005457
2017-02-24 12:44:21,28.569082422076693,108.50559777970165
2017-02-24 12:44:24,28.56911466915584,108.50557362156121
2017-02-24 12:44:27,28.569136438160825,108.50555060899461
2017-02-24 12:44:31,28.569148890013047,108.50554186866
2017-02-24 12:44:34,28.569195139854795,108.50549563438943
2017-02-24 12:44:37,28.569211775648927,108.505469621438
2017-02-24 12:44:40,28.569294447396096,108.50540156158725
2017-02-24 12:44:43,28.569302978812665,108.50541228663423
2017-02-24 12:44:46,28.56933231186912,108.50536583207634
2017-02-24 12:44:49,28.56933678128932,108.50534678534933
2017-02-24 12:44:52,28.569362085872573,108.50532907547249
2017-02-24 12:44:55,28.569372869013094,108.5052633036918
2017-02-24 12:44:58,28.569369583316586,108.50525808076829
2017-02-24 12:45:01,28.56937813363246,108.50522275813583
2017-02-24 12:45:04,28.56938324744392,108.50521561208706
2017-02-24 12:45:07,28.56941087680249,108.50517345323733
2017-02-24 12:45:10,28.56941987082696,108.50515685868325
2017-02-24 12:45:13,28.56944667552575,108.50511612507407
2017-02-24 12:45:16,28.569435520386822,108.50508304383582
2017-02-24 12:45:19,28.569440755855297,108.5050554753618
2017-02-24 12:45:22,28.56945499994797,108.50502968156775
2017-02-24 12:45:25,28.569476148915562,108.50499665213579
2017-02-24 12:45:28,28.56949143249988,108.50496454928265
2017-02-24 12:45:31,28.569499961161497,108.50492977485888
2017-02-24 12:45:34,28.569526717056757,108.50489527065595
2017-02-24 12:45:37,28.569538381421747,108.504862380195
2017-02-24 12:45:40,28.569548739618707,108.50483134352262
2017-02-24 12:45:43,28.56956893498494,108.50481594570482
2017-02-24 12:45:46,28.569585932193238,108.50480609932299
2017-02-24 12:45:49,28.5695950608713,108.50475814854805
2017-02-24 12:45:52,28.569622054839773,108.50471437504493
2017-02-24 12:45:56,28.569633187187417,108.50470196678478
2017-02-24 12:45:59,28.569679224646695,108.5046896603184
2017-02-24 12:46:02,28.569693124350213,108.5046917941057
2017-02-24 12:46:05,28.56972770412762,108.50463394764222
2017-02-24 12:46:08,28.569750744808246,108.50455422288452
2017-02-24 12:46:11,28.569746617024023,108.50450978968188
2017-02-24 12:46:14,28.569769360600983,108.50448873076465
2017-02-24 12:46:17,28.569797541612427,108.50442291032263
2017-02-24 12:46:20,28.569792274939225,108.50436468271586
2017-02-24 12:46:23,28.569816631319625,108.5043230420233
2017-02-24 12:46:26,28.569828779481366,108.50428233748967
2017-02-24 12:46:29,28.569853290616855,108.50423251389665
2017-02-24 12:46:32,28.569881830611497,108.50417702929126
2017-02-24 12:46:36,28.569905249033535,108.50413789027249
2017-02-24 12:46:40,28.569943250927913,108.50406658860899
2017-02-24 12:46:43,28.56996535159532,108.50402651261726
2017-02-24 12:46:46,28.57000002323666,108.50399127139076
2017-02-24 12:46:49,28.570025765507868,108.50396114269668
2017-02-24 12:46:52,28.570061386812732,108.50393609777795
2017-02-24 12:46:56,28.570069459641942,108.50386009985196
2017-02-24 12:46:59,28.57006836197071,108.50386248189938
2017-02-24 12:47:02,28.57009148183414,108.50381287752312
2017-02-24 12:47:05,28.57010875798198,108.50379348278375
2017-02-24 12:47:08,28.570122719856318,108.50377833378685
2017-02-24 12:47:11,28.57014959917489,108.50374935137482
2017-02-24 12:47:14,28.5701684032995,108.50372090669038
2017-02-24 12:47:17,28.570202263637846,108.50368266535881
2017-02-24 12:47:20,28.570228160382655,108.50364776248996
2017-02-24 12:47:23,28.570252548872116,108.50361869022704
2017-02-24 12:47:26,28.57026491300419,108.50357272316398
2017-02-24 12:47:29,28.570268077563906,108.50352857950412
2017-02-24 12:47:32,28.570287011052237,108.50348378895048
2017-02-24 12:47:35,28.570309935778134,108.50345243415913
2017-02-24 12:47:38,28.570320674936998,108.50341119136165
2017-02-24 12:47:41,28.57032055896459,108.50338663266405
2017-02-24 12:47:44,28.570356019333346,108.50336187679243
2017-02-24 12:47:47,28.570369329898565,108.50332054445094
2017-02-24 12:47:50,28.570377871039092,108.50327500574603
2017-02-24 12:47:53,28.57039921626652,108.50324325218281
2017-02-24 12:47:56,28.570408328427874,108.50320077338353
2017-02-24 12:47:59,28.570425073381106,108.5031717504994
2017-02-24 12:48:03,28.570404354419072,108.50314515728287
2017-02-24 12:48:06,28.57044050819592,108.50308953365942
2017-02-24 12:48:09,28.570448695923474,108.50305501843907
2017-02-24 12:48:12,28.570445381756223,108.50301612700622
2017-02-24 12:48:16,28.5704617915879,108.50297217353912
2017-02-24 12:48:19,28.57048748023434,108.5029299748293
2017-02-24 12:48:23,28.57052783436957,108.50288147786954
2017-02-24 12:48:26,28.570554949016174,108.50284081416521
2017-02-24 12:48:29,28.570572636872946,108.50280101701605
2017-02-24 12:48:33,28.57060150740465,108.50275865902931
2017-02-24 12:48:36,28.57059841718395,108.50273506695515
2017-02-24 12:48:39,28.57061758426705,108.50268911029119
2017-02-24 12:48:42,28.570637601246595,108.50265326021568
2017-02-24 12:48:45,28.57065159331498,108.50262478535234
2017-02-24 12:48:48,28.570709255368367,108.5025795187553
2017-02-24 12:48:51,28.570709500083638,108.50255146166862
2017-02-24 12:48:54,28.57072653802653,108.50250158784391
2017-02-24 12:48:57,28.570744706150226,108.5024584517789
2017-02-24 12:49:00,28.570761310700256,108.50242621951527
2017-02-24 12:49:03,28.570766464533985,108.50239254133912
2017-02-24 12:49:06,28.570781197094366,108.50238059180434
2017-02-24 12:49:09,28.57079783711162,108.50235318356984
2017-02-24 12:49:12,28.570793943808912,108.50234707356215
2017-02-24 12:49:15,28.570822795215843,108.5023176826382
2017-02-24 12:49:18,28.570852643373367,108.50227293262837
2017-02-24 12:49:21,28.570882919785664,108.50221887346608
2017-02-24 12:49:24,28.57088799867755,108.50218681990378
2017-02-24 12:49:27,28.57090788423901,108.5021447803087
2017-02-24 12:49:30,28.570943840683075,108.50209817680538
2017-02-24 12:49:33,28.570943832818468,108.50206097995887
2017-02-24 12:49:36,28.57098400642034,108.50200930350671
2017-02-24 12:49:39,28.57101224047392,108.50196898870705
2017-02-24 12:49:42,28.571057488759042,108.50191318622225
2017-02-24 12:49:45,28.571067476135614,108.50188898695042
2017-02-24 12:49:48,28.57107518745916,108.50186314298418
2017-02-24 12:49:51,28.571098609207354,108.50183283475741
2017-02-24 12:49:54,28.57111582026773,108.50178193432416
2017-02-24 12:49:57,28.571136291075316,108.50174154927552
2017-02-24 12:50:00,28.571163367776926,108.50170681591882
2017-02-24 12:50:03,28.571175282026896,108.50166070928593
2017-02-24 12:50:06,28.571189878753955,108.50161417423318
2017-02-24 12:50:09,28.571212230189875,108.50159044415737
2017-02-24 12:50:12,28.57123027344603,108.50155552087205
2017-02-24 12:50:15,28.571263732764642,108.50151090062845
2017-02-24 12:50:18,28.571283803919,108.50146369811235
2017-02-24 12:50:21,28.571315553345446,108.50141215069037
2017-02-24 12:50:24,28.571339300143784,108.5013702508405
2017-02-24 12:50:27,28.57134562737484,108.50133559594151
2017-02-24 12:50:30,28.571361991129237,108.50130025392899
2017-02-24 12:50:33,28.57138214653386,108.50125828408515
2017-02-24 12:50:36,28.571376962909603,108.5012056180939
2017-02-24 12:50:39,28.57137675506676,108.50118495647055
2017-02-24 12:50:43,28.571419836308458,108.50113446622319
2017-02-24 12:50:46,28.57143817515681,108.50109771897249
2017-02-24 12:50:49,28.571465091953453,108.50105959679492
2017-02-24 12:50:53,28.571504576512577,108.50101079074393
2017-02-24 12:50:56,28.57151534621169,108.50099919976488
2017-02-24 12:50:59,28.571533112763163,108.50097640628971
2017-02-24 12:51:02,28.571558293866968,108.50095319465102
2017-02-24 12:51:05,28.571571663832316,108.50092197877964
2017-02-24 12:51:08,28.571582660870483,108.50088142366953
2017-02-24 12:51:11,28.571609956970224,108.50083694254597
2017-02-24 12:51:14,28.571638384488498,108.50080875755887
2017-02-24 12:51:17,28.57165383563704,108.50077745210335
2017-02-24 12:51:20,28.571665688146958,108.50073852165876
2017-02-24 12:51:23,28.571678306920884,108.50070758480618
2017-02-24 12:51:26,28.571709523433235,108.50067018049057
2017-02-24 12:51:29,28.571727607745487,108.50063488837986
2017-02-24 12:51:32,28.57173405152841,108.5005947316515
2017-02-24 12:51:35,28.571758795059647,108.50057064287236
2017-02-24 12:51:38,28.571777842497855,108.50053777279946
2017-02-24 12:51:41,28.57180101283154,108.50049790612645
2017-02-24 12:51:44,28.571820310531976,108.50046830524724
2017-02-24 12:51:47,28.571830300687484,108.50043319203502
2017-02-24 12:51:50,28.571832633685478,108.50039932423131
2017-02-24 12:51:53,28.57187103715531,108.50037726954808
2017-02-24 12:51:56,28.571890932295567,108.50036189164209
2017-02-24 12:51:59,28.571918594450914,108.50030878901768
2017-02-24 12:52:02,28.571938961724143,108.50026287216862
2017-02-24 12:52:05,28.57193341224925,108.50021868799746
2017-02-24 12:52:08,28.571942343565556,108.50017637850598
2017-02-24 12:52:11,28.571954948592783,108.50014666755995
2017-02-24 12:52:14,28.571981386741147,108.50010134908518
2017-02-24 12:52:17,28.572002376923876,108.50006119319572
2017-02-24 12:52:20,28.57202487759455,108.50003771223994
2017-02-24 12:52:23,28.572049451430154,108.50002013189271
2017-02-24 12:52:26,28.572071596448456,108.49998185983486
2017-02-24 12:52:29,28.572096267123708,108.49995204993975
2017-02-24 12:52:32,28.572111449317692,108.4999236547828
2017-02-24 12:52:35,28.572129912680065,108.49990532653014
2017-02-24 12:52:38,28.572144151614623,108.49992440430455
2017-02-24 12:52:41,28.572172438439058,108.49988976061294
2017-02-24 12:52:45,28.572139022747937,108.49982355751443
2017-02-24 12:52:48,28.5721864200333,108.49974172104585
2017-02-24 12:52:51,28.572203646185848,108.49970233235071
2017-02-24 12:52:54,28.572214336114943,108.49970393769631
2017-02-24 12:52:57,28.572227679465144,108.49965493056395
2017-02-24 12:53:00,28.572234288402306,108.4996296645125
2017-02-24 12:53:03,28.57224223848803,108.49956764007956
2017-02-24 12:53:06,28.572264185142796,108.49951547389834
2017-02-24 12:53:09,28.572277264717027,108.49944771870373
2017-02-24 12:53:12,28.572303648207782,108.49943383621329
2017-02-24 12:53:15,28.57231939643503,108.49939684945106
2017-02-24 12:53:18,28.572327207760186,108.49930776441629
2017-02-24 12:53:21,28.572321171826268,108.49922568535165
2017-02-24 12:53:24,28.572330733437255,108.49917333895128
2017-02-24 12:53:27,28.5723299756127,108.49915919564951
2017-02-24 12:53:31,28.572376258581897,108.49912514103232
2017-02-24 12:53:34,28.572450098537686,108.49905957224465
2017-02-24 12:53:37,28.572443393318817,108.49903036834309
2017-02-24 12:53:40,28.572509037387917,108.49896553659681
2017-02-24 12:53:43,28.572527932937238,108.49892655655533
2017-02-24 12:53:46,28.572551084430263,108.49890952425064
2017-02-24 12:53:49,28.572549162678694,108.49890649414499
2017-02-24 12:53:52,28.572563882435887,108.49886881952646
2017-02-24 12:53:55,28.57256551698446,108.49883759279861
2017-02-24 12:53:58,28.572568429641205,108.49881051244658
2017-02-24 12:54:01,28.57256511113125,108.49879953849903
2017-02-24 12:54:04,28.57255576984312,108.49880523909373
2017-02-24 12:54:07,28.572552718601447,108.49881185704255
2017-02-24 12:54:10,28.572554959713685,108.4988251333171
2017-02-24 12:54:13,28.572540349709243,108.4988695656209
2017-02-24 12:54:16,28.572526684148475,108.49888935938458
2017-02-24 12:54:19,28.572496274427046,108.49890472674747
2017-02-24 12:54:22,28.57247574207159,108.49891577897222
2017-02-24 12:54:25,28.572494520810746,108.49892896654701
2017-02-24 12:54:28,28.572487352254644,108.49893407921469
2017-02-24 12:54:31,28.572481238101613,108.4989844723239
2017-02-24 12:54:34,28.572456304947295,108.49899846456094
2017-02-24 12:54:37,28.572436946080327,108.49900520111507
2017-02-24 12:54:41,28.572402449251303,108.49905227344856
2017-02-24 12:54:44,28.572376128887747,108.49906845835123
2017-02-24 12:54:47,28.572342400160313,108.49904972818449
2017-02-24 12:54:51,28.5722962138323,108.49908491906132
2017-02-24 12:54:54,28.57227633740813,108.49908743951521
2017-02-24 12:54:57,28.572284887808802,108.49908191828503
2017-02-24 12:55:00,28.572216320065472,108.49905437511113
2017-02-24 12:55:03,28.572192341527156,108.49909026503651
2017-02-24 12:55:06,28.572169071910203,108.49908003741244
2017-02-24 12:55:09,28.57211964122969,108.49908625384313
2017-02-24 12:55:12,28.572068688164528,108.49907640327845
2017-02-24 12:55:15,28.572027597835408,108.49905046647707
2017-02-24 12:55:18,28.5720051190021,108.49903344136297
2017-02-24 12:55:21,28.571963352678925,108.49903269128534
2017-02-24 12:55:24,28.571922223445327,108.49902634972422
2017-02-24 12:55:27,28.571898429800488,108.49899076585515
2017-02-24 12:55:30,28.571847422179026,108.49894582124651
2017-02-24 12:55:33,28.5718180310378,108.49890857252532
2017-02-24 12:55:36,28.571777963102967,108.4989518769851
2017-02-24 12:55:39,28.571796579087437,108.49889939154741
2017-02-24 12:55:42,28.571756165935568,108.498917758387
2017-02-24 12:55:45,28.57172616191343,108.49892131479943
2017-02-24 12:55:48,28.571702482712958,108.49895082583836
2017-02-24 12:55:51,28.57166991376503,108.49896895394366
2017-02-24 12:55:54,28.571637471315476,108.49892503707164
2017-02-24 12:55:57,28.571570724543292,108.49889412512367
2017-02-24 12:56:00,28.57151032916898,108.4989235940574
2017-02-24 12:56:03,28.57148852422032,108.49892201793057
2017-02-24 12:56:06,28.571462536318755,108.49890749432817
2017-02-24 12:56:09,28.57143576353785,108.4988645246635
2017-02-24 12:56:12,28.57142626875439,108.49886471345854
2017-02-24 12:56:15,28.571432684573004,108.49885374010672
2017-02-24 12:56:18,28.571354803609104,108.49888581935
2017-02-24 12:56:21,28.571347841028448,108.49888564948505
2017-02-24 12:56:24,28.571303006871272,108.49890037807637
2017-02-24 12:56:27,28.571272794301347,108.49886348811276
2017-02-24 12:56:31,28.571233900520433,108.49886232955986
2017-02-24 12:56:34,28.571220334495596,108.49881906168135
2017-02-24 12:56:37,28.57116540339956,108.49886456797147
2017-02-24 12:56:40,28.571140406529086,108.49881989403885
2017-02-24 12:56:43,28.57109488813249,108.49883593824528
2017-02-24 12:56:46,28.571088028274083,108.49881490730778
2017-02-24 12:56:49,28.57106155351603,108.49880259635958
2017-02-24 12:56:52,28.571015673647675,108.49881907909611
2017-02-24 12:56:55,28.570974745168794,108.49883250224316
2017-02-24 12:56:58,28.570945821977617,108.49878602402536
2017-02-24 12:57:01,28.570939865543078,108.49874401244969
2017-02-24 12:57:04,28.57091051328201,108.49875041948714
2017-02-24 12:57:07,28.570829163937077,108.4987714849163
2017-02-24 12:57:10,28.570778040628067,108.49877503007504
2017-02-24 12:57:13,28.57074168005884,108.49877984195261
2017-02-24 12:57:16,28.570699594887785,108.498791999213
2017-02-24 12:57:19,28.57068926528864,108.49877037003576
2017-02-24 12:57:22,28.5706562435007,108.49879938216831
2017-02-24 12:57:25,28.570644622529176,108.4987314159887
2017-02-24 12:57:28,28.57060223747259,108.49870021645835
2017-02-24 12:57:31,28.570599586549125,108.49863021751626
2017-02-24 12:57:34,28.570581863173697,108.49865869237556
2017-02-24 12:57:37,28.5705482828816,108.49864052034451
2017-02-24 12:57:40,28.57054856528444,108.49854653080112
2017-02-24 12:57:43,28.570510406340475,108.49856386122677
2017-02-24 12:57:46,28.57045470852362,108.4985382723305
2017-02-24 12:57:49,28.570392586039667,108.49854659105306
2017-02-24 12:57:52,28.570350109496285,108.49851919891971
2017-02-24 12:57:55,28.57031566688143,108.49841175164421
2017-02-24 12:57:58,28.570258481619245,108.49835844416766
2017-02-24 12:58:01,28.570234314517016,108.49830728161871
2017-02-24 12:58:04,28.570199306070084,108.4982782852119
2017-02-24 12:58:07,28.5701695798887,108.49827263205626
2017-02-24 12:58:10,28.57014990708376,108.4982706673384
2017-02-24 12:58:13,28.570137503895342,108.49823991809795
2017-02-24 12:58:17,28.570076853663135,108.49823772163587
2017-02-24 12:58:21,28.57008385124329,108.49817625498436
2017-02-24 12:58:24,28.57007775417174,108.49812106678999
2017-02-24 12:58:27,28.570081208291096,108.49811687085194
2017-02-24 12:58:30,28.570098433387063,108.4980310651274
2017-02-24 12:58:33,28.570159704877067,108.49784626872821
2017-02-24 12:58:36,28.57009205835251,108.49788847531288
2017-02-24 12:58:39,28.57006461052836,108.49803036536584
2017-02-24 12:58:42,28.570077312321615,108.49810828894132
2017-02-24 12:58:45,28.570040017376247,108.49815442436586
2017-02-24 12:58:49,28.570040546108814,108.49817491675047
2017-02-24 12:58:52,28.570016741805844,108.49818283913967
2017-02-24 12:58:55,28.570018702326507,108.49819961388238
2017-02-24 12:58:59,28.5699714094636,108.49819360083721
2017-02-24 12:59:02,28.569963267442965,108.49815642306845
2017-02-24 12:59:05,28.56994485439479,108.49813473353883
2017-02-24 12:59:08,28.56995167795987,108.49810789255673
2017-02-24 12:59:11,28.569956953549124,108.49818011447341
2017-02-24 12:59:14,28.569955511811298,108.498160489171
2017-02-24 12:59:17,28.569954903026154,108.4981666587672
2017-02-24 12:59:20,28.569944180642274,108.49824583672086
2017-02-24 12:59:23,28.56995945054663,108.49826477513054
2017-02-24 12:59:26,28.56996208288992,108.49823106657965
2017-02-24 12:59:29,28.569915681040843,108.49824483827219
2017-02-24 12:59:32,28.569942129998864,108.49820576887446
2017-02-24 12:59:35,28.569900228628022,108.4981667351672
2017-02-24 12:59:38,28.569815701112407,108.4982534138385
2017-02-24 12:59:41,28.569694999874784,108.49819274673207
2017-02-24 12:59:44,28.569586190178832,108.49812331925492
2017-02-24 12:59:47,28.56951620329655,108.49809198838798
2017-02-24 12:59:50,28.569519796317625,108.49804485418287
2017-02-24 12:59:53,28.569468655205068,108.49808768966555
2017-02-24 12:59:56,28.56938868055547,108.49807081048192
2017-02-24 12:59:59,28.56933536175044,108.49815587642522
2017-02-24 13:00:02,28.569290153920917,108.49817183098959
2017-02-24 13:00:05,28.569232303504293,108.49817346206295
2017-02-24 13:00:08,28.569212751634815,108.49816787929515
2017-02-24 13:00:11,28.56913574147085,108.49817327676206
2017-02-24 13:00:14,28.56911104388473,108.49827545791429
2017-02-24 13:00:17,28.569085876048092,108.49834765798899
2017-02-24 13:00:20,28.569047619391053,108.4983442568767
2017-02-24 13:00:24,28.56899480453719,108.49833145590964
2017-02-24 13:00:27,28.568956013029663,108.49833958668825
2017-02-24 13:00:30,28.56892329520471,108.49834072093996
2017-02-24 13:00:33,28.568874925476194,108.49832020571549
2017-02-24 13:00:36,28.568822611048777,108.49834731300948
2017-02-24 13:00:39,28.568792616500904,108.49830445268798
2017-02-24 13:00:42,28.56875341240179,108.49833004578606
2017-02-24 13:00:45,28.568739071753082,108.4982881831259
2017-02-24 13:00:48,28.568744224090462,108.49823818849877
2017-02-24 13:00:51,28.568741587842304,108.49822655673812
2017-02-24 13:00:54,28.568736431892532,108.49822778237615
2017-02-24 13:00:57,28.568720939357632,108.49822968514584
2017-02-24 13:01:00,28.56865926075099,108.4982101757759
2017-02-24 13:01:03,28.568592483249613,108.49819954677609
2017-02-24 13:01:06,28.568532151994038,108.49822110192265
2017-02-24 13:01:09,28.568495984299236,108.49816838374147
2017-02-24 13:01:12,28.568425239739316,108.49819284864768
2017-02-24 13:01:15,28.568371719472506,108.49820841398595
2017-02-24 13:01:18,28.56832822269359,108.49816764590493
2017-02-24 13:01:21,28.568292698047664,108.49813066580094
2017-02-24 13:01:25,28.568263955161886,108.49809742376767
2017-02-24 13:01:28,28.568209809151927,108.4980714960321
2017-02-24 13:01:31,28.56818038507374,108.49804188197409
2017-02-24 13:01:34,28.5681394429044,108.4980032768805
2017-02-24 13:01:37,28.56810006715416,108.49796942618563
2017-02-24 13:01:40,28.56805649712989,108.49796638355876
2017-02-24 13:01:44,28.56801526178664,108.49795545709262
2017-02-24 13:01:47,28.56798085091595,108.49793070666347
2017-02-24 13:01:51,28.567934957289165,108.49793186004685
2017-02-24 13:01:54,28.567895779418947,108.49791541192607
2017-02-24 13:01:57,28.56785563035311,108.49791588789675
2017-02-24 13:02:00,28.567824641160712,108.49785440886728
2017-02-24 13:02:03,28.567771090588543,108.4978834298268
2017-02-24 13:02:07,28.567725996141217,108.49789497895529
2017-02-24 13:02:09,28.567701122643232,108.49787916959978
2017-02-24 13:02:12,28.567683447853454,108.49783150579148
2017-02-24 13:02:15,28.567642331557966,108.49780758220899
2017-02-24 13:02:18,28.56761550856068,108.49779465322419
2017-02-24 13:02:21,28.56759704786769,108.49776550825158
2017-02-24 13:02:24,28.567551405118955,108.49772306548041
2017-02-24 13:02:27,28.56751424696914,108.49773034917547
2017-02-24 13:02:30,28.56749321843778,108.49769010066596
2017-02-24 13:02:33,28.567432299432937,108.49767085043798
2017-02-24 13:02:36,28.567396851300458,108.49766837642811
2017-02-24 13:02:39,28.56736160872661,108.49763072845778
2017-02-24 13:02:42,28.567321960633997,108.49763763325335
2017-02-24 13:02:45,28.567298174705318,108.49762279075559
2017-02-24 13:02:48,28.567251453516235,108.49762969511964
2017-02-24 13:02:51,28.567220072747666,108.49761202149455
2017-02-24 13:02:54,28.567167634650346,108.49763373665469
2017-02-24 13:02:57,28.567136092862135,108.49763305696487
2017-02-24 13:03:00,28.56710423633933,108.49762390520138
2017-02-24 13:03:03,28.56704311031697,108.49763032029709
2017-02-24 13:03:06,28.56699014568502,108.49763079548575
2017-02-24 13:03:09,28.566957069648474,108.49766466174712
2017-02-24 13:03:12,28.566934166916358,108.49763554638601
2017-02-24 13:03:16,28.566883510359688,108.49762366248319
2017-02-24 13:03:19,28.56686729965068,108.49756816454423
2017-02-24 13:03:22,28.566833807387916,108.49752399815999
2017-02-24 13:03:25,28.566812136972747,108.49745758585179
2017-02-24 13:03:28,28.566773204468003,108.49744606147074
2017-02-24 13:03:31,28.566729579172122,108.49741810100025
2017-02-24 13:03:35,28.56668794420462,108.49737697406175
2017-02-24 13:03:38,28.566651698785915,108.49735013035121
2017-02-24 13:03:41,28.5666003732014,108.49739455074148
2017-02-24 13:03:44,28.566593994935165,108.49733965136706
2017-02-24 13:03:47,28.56656623646627,108.49732173872556
2017-02-24 13:03:51,28.566539356065547,108.497274562613
2017-02-24 13:03:54,28.56649296286807,108.49723881761032
2017-02-24 13:03:57,28.566454855866212,108.49722223992471
2017-02-24 13:04:00,28.56641892551698,108.49728052557721
2017-02-24 13:04:03,28.566390103311406,108.4972536922734
2017-02-24 13:04:06,28.56635376454685,108.49724130089693
2017-02-24 13:04:09,28.566314760045422,108.49723377332265
2017-02-24 13:04:12,28.566288103698685,108.4971852715714
2017-02-24 13:04:15,28.566254033058744,108.49717383717488
2017-02-24 13:04:18,28.566233407295577,108.49717942748435
2017-02-24 13:04:22,28.566185454362554,108.4971934383629
2017-02-24 13:04:25,28.566148341826455,108.497218912118
2017-02-24 13:04:28,28.56609874882943,108.49717929965651
2017-02-24 13:04:31,28.566075681655555,108.49712825648726
2017-02-24 13:04:34,28.566037156949996,108.49713088546211
2017-02-24 13:04:37,28.565967050872572,108.49713938315884
2017-02-24 13:04:40,28.56596223081219,108.49711199313985
2017-02-24 13:04:44,28.565916152390944,108.4971281171734
2017-02-24 13:04:47,28.565886020248175,108.49713779343458
2017-02-24 13:04:51,28.56584825889684,108.49707598483324
2017-02-24 13:04:54,28.56579442963561,108.49710795616534
2017-02-24 13:04:57,28.565766738400622,108.49706760744806
2017-02-24 13:05:00,28.56573964048819,108.49706963909237
2017-02-24 13:05:03,28.5656961678487,108.49708421838034
2017-02-24 13:05:06,28.565656432252954,108.49705692589252
2017-02-24 13:05:09,28.56564150020745,108.49697863298135
2017-02-24 13:05:12,28.565588459263463,108.4970079531152
2017-02-24 13:05:15,28.56555611118828,108.49700927677154
2017-02-24 13:05:18,28.56551522956935,108.49699384511841
2017-02-24 13:05:21,28.565504809947278,108.49697884391183
2017-02-24 13:05:24,28.56549047017,108.49697000216793
2017-02-24 13:05:27,28.565460973463008,108.4969746251276
2017-02-24 13:05:31,28.565469335961392,108.4969482924076
2017-02-24 13:05:34,28.565469958174393,108.49695098357834
2017-02-24 13:05:37,28.5654889672814,108.49698410560309
2017-02-24 13:05:40,28.56550359117814,108.49698159477266
2017-02-24 13:05:43,28.56551011046846,108.49698278126237
2017-02-24 13:05:46,28.565506443376687,108.49698127599781
2017-02-24 13:05:49,28.56547325282289,108.49699666326023
2017-02-24 13:05:53,28.56543654501274,108.4969505130815
2017-02-24 13:05:56,28.565426785560263,108.49694222977678
2017-02-24 13:05:59,28.565405518621183,108.49694479003789
2017-02-24 13:06:02,28.565360690461954,108.49695100680731
2017-02-24 13:06:05,28.565321036741693,108.49696317428575
2017-02-24 13:06:08,28.56529633667956,108.49693288258275
2017-02-24 13:06:11,28.56524656906935,108.4969515579993
2017-02-24 13:06:14,28.565214135025283,108.49694150912282
2017-02-24 13:06:17,28.565175475831786,108.4969456331658
2017-02-24 13:06:20,28.565143456854095,108.49691725470757
2017-02-24 13:06:23,28.565135407377653,108.49691590864937
2017-02-24 13:06:26,28.56508743499433,108.49691306507916
2017-02-24 13:06:29,28.565023086040863,108.49689667513697
2017-02-24 13:06:32,28.564983404468407,108.49686470802422
2017-02-24 13:06:35,28.564935231360675,108.49687210071733
2017-02-24 13:06:38,28.564882299709616,108.49688165599379
2017-02-24 13:06:41,28.56487053947187,108.49677647178113
2017-02-24 13:06:44,28.564800012112972,108.49673192419375
2017-02-24 13:06:47,28.564760218393133,108.49683094557672
2017-02-24 13:06:51,28.56468560267243,108.49686877637495
2017-02-24 13:06:54,28.564666928095694,108.4968609111427
2017-02-24 13:06:57,28.56463128845429,108.49683891143505
2017-02-24 13:07:00,28.564584563498546,108.496827097491
2017-02-24 13:07:03,28.564554258676818,108.496800921862
2017-02-24 13:07:06,28.5645219957772,108.49679386313743
2017-02-24 13:07:09,28.56448213391229,108.49675528776142
2017-02-24 13:07:12,28.564414773880415,108.4967822647734
2017-02-24 13:07:15,28.564377941153943,108.49684129805016
2017-02-24 13:07:18,28.56435584205711,108.49675761236625
2017-02-24 13:07:21,28.56432146497596,108.49674162292638
2017-02-24 13:07:24,28.564301692965717,108.49671603599084
2017-02-24 13:07:27,28.564247406748713,108.49675700771382
2017-02-24 13:07:30,28.56421905602302,108.49672640676953
2017-02-24 13:07:33,28.56419756678126,108.49668293861814
2017-02-24 13:07:36,28.564189238816027,108.49662424141378
2017-02-24 13:07:39,28.56410650753674,108.49670622634022
2017-02-24 13:07:42,28.5640728145475,108.49667560512626
2017-02-24 13:07:45,28.56405403233347,108.49663686156894
2017-02-24 13:07:48,28.564028079268905,108.49655725212773
2017-02-24 13:07:51,28.563994770706028,108.49662546546658
2017-02-24 13:07:54,28.5639592552751,108.49659539232167
2017-02-24 13:07:57,28.563916755067233,108.49659263878455
2017-02-24 13:08:00,28.563886863840974,108.49658537088527
2017-02-24 13:08:03,28.56383632833425,108.49656317088876
2017-02-24 13:08:06,28.563813552947718,108.49653827147846
2017-02-24 13:08:09,28.563778706586277,108.49648520406384
2017-02-24 13:08:12,28.56374794826258,108.49649355468624
2017-02-24 13:08:15,28.563689844122784,108.49642968140468
2017-02-24 13:08:18,28.563676934650683,108.49643097635068
2017-02-24 13:08:21,28.563678244678762,108.49637097394475
2017-02-24 13:08:24,28.563678919759734,108.49633927831188
2017-02-24 13:08:27,28.56369821515447,108.4962967993039
2017-02-24 13:08:30,28.56367771189603,108.49625143733321
2017-02-24 13:08:34,28.563632453665154,108.49625431508917
2017-02-24 13:08:37,28.56361935436084,108.49627559425802
2017-02-24 13:08:40,28.563567972913187,108.4962786610163
2017-02-24 13:08:43,28.56357416529426,108.4962185591808
2017-02-24 13:08:46,28.56354797656079,108.49617754254169
2017-02-24 13:08:49,28.56355355444893,108.49617905789744
2017-02-24 13:08:52,28.563556295579133,108.49614227907819